provider,rows,shards,codec,sample_rate_hz,channels,sample_format,duration_min_seconds,duration_max_seconds,mean_silence_fraction_lt_1e_4,files_clipping_ge_1pct,audio_path_exact_description,audio_path_contains_description,dataset_license,provider_rights_status,conservative_training_eligibility
AudioLDM 2 Large,124,4,pcm_f32le,16000,1,flt,10.000,10.000,0.0013661794,0,124,124,CC-BY-4.0,GO_AIME_DIRECT_CC_BY_4_NO_EXPLICIT_OUTPUT_RELICENSE_PROHIBITION_FOUND,GO_WITH_ATTRIBUTION
AudioLDM 2 Music,124,4,pcm_f32le,16000,1,flt,10.000,10.000,0.0007652218,0,124,124,CC-BY-4.0,GO_AIME_DIRECT_CC_BY_4_NO_EXPLICIT_OUTPUT_RELICENSE_PROHIBITION_FOUND,GO_WITH_ATTRIBUTION
MusicGen Large,124,4,pcm_f32le,32000,1,flt,10.180,10.180,0.0023339219,1,124,124,CC-BY-4.0,GO_AIME_DIRECT_CC_BY_4_NO_EXPLICIT_OUTPUT_RELICENSE_PROHIBITION_FOUND,GO_WITH_ATTRIBUTION
MusicGen Medium,124,4,pcm_f32le,32000,1,flt,10.180,10.180,0.0029381912,0,124,124,CC-BY-4.0,GO_AIME_DIRECT_CC_BY_4_NO_EXPLICIT_OUTPUT_RELICENSE_PROHIBITION_FOUND,GO_WITH_ATTRIBUTION
MusicGen Small,124,4,pcm_f32le,32000,1,flt,10.180,10.180,0.0087228773,1,124,124,CC-BY-4.0,GO_AIME_DIRECT_CC_BY_4_NO_EXPLICIT_OUTPUT_RELICENSE_PROHIBITION_FOUND,GO_WITH_ATTRIBUTION
Mustango,124,4,pcm_s16le,16000,1,s16,10.242,10.242,0.0015695275,0,124,124,CC-BY-4.0,GO_AIME_DIRECT_CC_BY_4_APACHE_2_CHECKPOINT_NO_OUTPUT_PROHIBITION_FOUND,GO_WITH_ATTRIBUTION
Riffusion,124,4,pcm_s16le,44100,1,s16,10.230,10.230,0.0005742046,0,124,124,CC-BY-4.0,GO_OPENRAIL_LICENSOR_CLAIMS_NO_OUTPUT_RIGHTS_SUBJECT_TO_USE_RESTRICTIONS,GO_WITH_ATTRIBUTION
Stable Audio v1,124,4,pcm_s16le,48000,2,s16,10.000,10.000,0.0402982107,0,0,124,CC-BY-4.0,GO_AIME_DIRECT_GRANT_AND_CURRENT_STABILITY_OUTPUT_ASSIGNMENT_NO_DETECTOR_PROHIBITION_FOUND,GO_WITH_ATTRIBUTION
Stable Audio v2,124,4,pcm_s16le,48000,2,s16,10.000,10.000,0.0365069136,0,0,124,CC-BY-4.0,GO_AIME_DIRECT_GRANT_AND_CURRENT_STABILITY_OUTPUT_ASSIGNMENT_NO_DETECTOR_PROHIBITION_FOUND,GO_WITH_ATTRIBUTION
