relative_path,bytes,sha256
__init__.py,196,59b630f18e878172ee2b0bf1951aec1f6238c880e4e4f9e372f61556f4f779c0
audio.py,12085,f44dd5c977797b419dc138e9e782e038106e9b115c1c68212b47e6c1c6607d3b
benchmark.py,16564,efe9144c823a1f311a58e13ed8a6f8dd9a4e428e23e56b5b22238884fe86727d
cache.py,19250,8e00266b969be19c1adf564d0c93ce158b7aced3b704c80c7dcd2679df0c8b3e
config.json,2842,626d4e61d84552f81a1294fb085ea19bff268696ac94e63ed08a4100d265756c
contract_adapter.py,1828,fc2459405ced1caf808e6f5decf0f0aec4a6c882eaed09458aeeb733fff540ba
determinism.py,1589,7a5981d58af8475bbc875f990d6bf53f1ddd00bfba7eab840f2cc598081c7e82
model.py,7211,89eeab2c3b8bfa5c25ed1c58716c9baad4a6b0104d18a38449fbd65df672b726
numerical.py,6791,fcd26d62f6d238441175920ae24073a8c5b9aab4ba5d9365e60e44cf5c1ea98e
preflight.py,7619,d009268ceff8687f26af7a94e928938308b5a1fbb701ad86e9b784d94716918e
records.py,4009,c0dfbc9ffb8b38fb345f369f5433860a974bd8cadae1993fb3c5c62620593f6a
run_e01.py,15888,6d9515fe64335f25245534514f04f1e80cd5daa9b42756f93928a2d4f9fda0b7
run_tests.py,18948,d28f5f9ed4c5fc1643f1ee87144ff2d1b91e855d2b3a18310dfd1837e69cd0e0
sampling.py,5052,593cba9bb3e7211ca8ff5c4a93369e3158efb797df8bf6d7261caf08e8cd6ace
strict_serialization.py,1490,f84200bcf46e6e18993d916c8294870353c0d8e88d6a4f27b55f64564bdf7f8a
train_e01.py,18134,966ddb8e9bb5bb1f2690965e4338d5ec40c3297f76282ab2f8ed9a1993e4d0b8
