candidate,role,official_source,exact_checkpoint,revision,weight_file,weight_bytes,weight_sha256,code_license,weight_license,noncommercial_use,redistribution_submission,attribution_changes,status,notes
WavLM-Base-Plus,CORE_SPEECH,https://huggingface.co/microsoft/wavlm-base-plus,microsoft/wavlm-base-plus,4c66d4806a428f2e922ccfa1a962776e232d487b,pytorch_model.bin,377617425,3bb273a6ace99408b50cfc81afdbb7ef2de02da2eab0234e18db608ce692fe51,"MIT for microsoft/unilm reference code; Apache-2.0 for Transformers runtime","CC BY-SA 3.0 via the model card official license link to https://github.com/microsoft/UniSpeech/blob/main/LICENSE",YES,"YES for noncommercial DACON submission if the original checkpoint remains separately identifiable, BY-SA license/source/author attribution are included, and no downstream platform term adds incompatible restrictions","Credit Microsoft/WavLM and upstream authors; include CC BY-SA 3.0 text/link; identify checkpoint revision/hash; mark any adapter or altered weight as changed and apply ShareAlike as legally required",READY_CORE_NONCOMMERCIAL,"Do not infer MIT for weights from unilm code. Frozen unmodified checkpoint plus separate head is the first experiment. If fine-tuned, perform a fresh derivative-license review before submission."
MERT-v1-95M,CORE_MUSIC,https://huggingface.co/m-a-p/MERT-v1-95M,m-a-p/MERT-v1-95M,12af15fef9d0ac838c3f475bfbbf26d2060dd4f5,pytorch_model.bin,377552987,a2b8b747f72c06e0595aeae41ae5473f4364938c6b39b2c58be38c48e6bd3fcd,"Repository/model custom code subject to upstream notices; vendored files must retain their headers","CC BY-NC 4.0 as declared by official Hugging Face model card",YES_NONCOMMERCIAL,"YES for noncommercial DACON submission with attribution, license link/text, change notice and no commercial reuse; confirm DACON terms do not demand commercial relicensing","Credit M-A-P/MERT and cited paper/authors; include CC BY-NC 4.0; identify revision/hash; indicate modifications",READY_CORE_NONCOMMERCIAL,"Model uses custom code. Vendor configuration_MERT.py and modeling_MERT.py from exact revision 12af15fef9d0ac838c3f475bfbbf26d2060dd4f5; record each full local SHA-256 in the notice bundle before runtime packaging; disable trust_remote_code/network. Fine-tuning requires fresh derivative review."
XLS-R-300M,RIGHTS_FALLBACK_SPEECH,https://huggingface.co/facebook/wav2vec2-xls-r-300m,facebook/wav2vec2-xls-r-300m,1a640f32ac3e39899438a2931f9924c02f080a54,pytorch_model.bin,1269737156,d5e490574712ad0a6736923b9ed11d4cd51c78609c36205f704fc4e87b11d2e0,Apache-2.0,Apache-2.0,YES,"YES subject to Apache-2.0 license and NOTICE preservation","Include Apache-2.0 license, notices, source/revision/hash and modification notice",READY_RIGHTS_FALLBACK,"Larger and slower than a base encoder and not music-specialized. Use only if BY-SA/BY-NC core packaging is unacceptable."
BEATs-iter3-plus-AS2M,CONDITIONAL_UNIFIED,https://github.com/microsoft/unilm/tree/master/beats,BEATs_iter3_plus_AS2M.pt,ca43e4cd19445a536f133bf2bc25b573b2f0c7c5,BEATs_iter3_plus_AS2M.pt,UNKNOWN,UNKNOWN,"MIT for microsoft/unilm repository code","NOT EXPLICITLY FIXED FOR THE DISTRIBUTED CHECKPOINT IN CURRENT EVIDENCE",UNKNOWN,"NO until the exact downloaded file, official checkpoint terms and redistribution grant are recorded","If cleared, credit Microsoft BEATs, include license/source, exact acquisition URL, revision and local SHA-256",BLOCKED_RIGHTS_AND_HASH,"Official README links a OneDrive checkpoint but current evidence lacks a pinned file hash and weight-specific redistribution statement. Do not place in core or package."
PANNs-Cnn14,CONDITIONAL_AUDIO_TAGGING,https://zenodo.org/records/3987831,Cnn14_mAP=0.431.pth,"Zenodo record 3987831 v3; repo commit d2f4b8c18eab44737fcc0de1248ae21eb43f6aa4",Cnn14_mAP=0.431.pth,327428481,0dc499e40e9761ef5ea061ffc77697697f277f6a960894903df3ada000e34b31,"MIT for https://github.com/qiuqiangkong/audioset_tagging_cnn","NOT STATED in the Zenodo record license field",UNKNOWN,"NO until the checkpoint owner provides or an official source states weight redistribution terms","If cleared, credit PANNs authors and AudioSet training provenance; include exact file hash and applicable license",BLOCKED_WEIGHT_LICENSE,"Bundled open.zip file is auditable and official record lists MD5 541141fa2ee191a88f24a3219fff024e, but code MIT is not sufficient evidence for checkpoint rights."
HTS-AT-AudioSet,CONDITIONAL_UNIFIED,https://github.com/RetroCirce/HTS-Audio-Transformer,HTSAT_AudioSet_Saved_1.ckpt,2e29471fce7e770edeaaa64a41908bf234844fc5,HTSAT_AudioSet_Saved_1.ckpt,UNKNOWN,UNKNOWN,"MIT for repository code","NOT EXPLICITLY STATED FOR GOOGLE DRIVE CHECKPOINT",UNKNOWN,"NO until exact file hash and weight redistribution terms are evidenced","If cleared, credit HTS-AT authors, preserve license/source and record exact hash",BLOCKED_WEIGHT_LICENSE_AND_HASH,"Do not infer the checkpoint license from repository code."
DF-Arena-1B-V1,REJECTED_LARGE_DEEPFAKE,https://huggingface.co/Speech-Arena-2025/DF_Arena_1B_V_1,Speech-Arena-2025/DF_Arena_1B_V_1,"Bundled baseline file; official model revision not pinned by baseline",model/df_arena_1b/pytorch_model.bin,4591794734,780bc14fd4c15e65d58efdef728427cf03cd29cd60be528e97badf8c89087988,"Upstream repository terms require separate inspection","Hugging Face metadata says other; no sufficiently clear redistribution conclusion in current evidence",UNKNOWN,"NO for the selected design","Not applicable because rejected; preserve baseline audit evidence",REJECTED_RIGHTS_RUNTIME_PACKAGE,"About 4.59 GB and 1.147B-scale before other branches. Poor fit for L4 60-minute and 10 GB submission plus unclear rights."
htdemucs-955717e8,REJECTED_SEPARATOR,https://github.com/facebookresearch/demucs,htdemucs 955717e8,955717e8,model/htdemucs/955717e8-8726e21a.th,84141911,8726e21a993978c7ba086d3872e7608d7d5bfca646ca4aca459ffda844faa8b4,MIT for Demucs code,"Checkpoint-specific redistribution grant unresolved in current evidence",UNKNOWN,"NO for the selected design","Not applicable because rejected; if revisited, obtain a weight-specific license statement",REJECTED_RIGHTS_AND_RUNTIME,"A full separator pass would consume budget and introduce separation artifacts; code MIT alone does not resolve weight rights."
DeepVoice-artifact-adapters-heads,CORE_TRAINED_COMPONENT,LOCAL_PROJECT,Train-from-scratch lightweight artifact CNN plus adapters and five heads,TO_BE_RECORDED_AFTER_TRAINING,deepvoice_heads.safetensors,TO_BE_RECORDED,TO_BE_RECORDED,"Project-selected license subject to training-data and linked-component obligations","Project-selected license; must not erase upstream obligations from encoder use",YES_NONCOMMERCIAL,"YES only as a separate artifact with training manifest/config/seed and upstream notices","Record code commit, training manifest hash, exact config/seeds, changes and all linked upstream notices",READY_TO_TRAIN_SEPARATELY,"Never merge WavLM and MERT tensors into this file. If embeddings or weights create a legal derivative, update this row after review."
